<?xml version = '1.0' encoding = 'UTF-8'?>
<Entity class="oracle.dbtools.crest.model.design.logical.Entity" directorySegmentName="seg_0" id="004BF3B5-B214-BF46-9910-3E98D392E9D8" name="Clientes">
<createdBy>denys</createdBy>
<createdTime>2025-04-13 15:14:44 UTC</createdTime>
<ownerDesignName>ClienteNormalizacao</ownerDesignName>
<engineerTo>
<item key="062E5CB4-9FA4-C89B-5C3E-1DE03C655426" value="true"/>
</engineerTo>
<adequatelyNormalized>NO</adequatelyNormalized>
<expectedVolumes>0</expectedVolumes>
<fwdEngineeringStrategyName>Single Table</fwdEngineeringStrategyName>
<growthPercent>0</growthPercent>
<growthType>Year</growthType>
<maxVolumes>9999999</maxVolumes>
<minVolumes>0</minVolumes>
<normalForm>Third</normalForm>
<attributes itemClass="oracle.dbtools.crest.model.design.logical.Attribute">
<Attribute name="cpfCliente" id="F7D37484-590C-ACA8-F6B0-8D856E42C650">
<createdBy>denys</createdBy>
<createdTime>2025-04-13 15:15:01 UTC</createdTime>
<comment><![CDATA[CPF que identificar um cliente.]]></comment>
<ownerDesignName>ClienteNormalizacao</ownerDesignName>
<shouldEngineer>false</shouldEngineer>
<engineerTo>
<item key="062E5CB4-9FA4-C89B-5C3E-1DE03C655426" value="false"/>
</engineerTo>
<useDomainConstraints>false</useDomainConstraints>
<use>1</use>
<logicalDatatype>LOGDT025</logicalDatatype>
<dataTypeSize>11 CHAR</dataTypeSize>
<ownDataTypeParameters>11 CHAR,,</ownDataTypeParameters>
</Attribute>
<Attribute name="nomeCliente" id="48FE674E-76A7-7C1D-EECE-2DEE69AF935F">
<createdBy>denys</createdBy>
<createdTime>2025-04-13 15:15:33 UTC</createdTime>
<comment><![CDATA[Nome completo da pessoa.]]></comment>
<ownerDesignName>ClienteNormalizacao</ownerDesignName>
<engineerTo>
<item key="062E5CB4-9FA4-C89B-5C3E-1DE03C655426" value="true"/>
</engineerTo>
<useDomainConstraints>false</useDomainConstraints>
<use>1</use>
<logicalDatatype>LOGDT024</logicalDatatype>
<dataTypeSize>60 CHAR</dataTypeSize>
<ownDataTypeParameters>60 CHAR,,</ownDataTypeParameters>
</Attribute>
<Attribute name="enderecoCliente" id="10DE5D2E-3CAD-EF02-BFB4-C38B46CAB7E1">
<createdBy>denys</createdBy>
<createdTime>2025-04-13 15:15:55 UTC</createdTime>
<comment><![CDATA[Endereço completo da pessoa, sendo:
Logradouro: Nome da rua ou avenida; 
Número: Número da casa ou prédio;
Complemento: Informações adicionais que ajudam a identificar a unidade residencial ou comercial; 
Bairro: Região do bairro onde se encontra o endereço; 
Localidade: Nome da cidade, município ou região; 
Estado: Sigla do estado onde se encontra o endereço. ]]></comment>
<ownerDesignName>ClienteNormalizacao</ownerDesignName>
<engineerTo>
<item key="062E5CB4-9FA4-C89B-5C3E-1DE03C655426" value="true"/>
</engineerTo>
<useDomainConstraints>false</useDomainConstraints>
<use>1</use>
<logicalDatatype>LOGDT024</logicalDatatype>
<dataTypeSize>150 CHAR</dataTypeSize>
<ownDataTypeParameters>150 CHAR,,</ownDataTypeParameters>
</Attribute>
<Attribute name="cepEnderecoCliente" id="873898C5-CD15-E5F5-AB54-61E8530B8D49">
<createdBy>denys</createdBy>
<createdTime>2025-04-13 15:16:22 UTC</createdTime>
<comment><![CDATA[CEP: Código de Endereçamento Postal, composto por oito números que identificam a região, o setor, o município, e outras informações importantes para a entrega.]]></comment>
<ownerDesignName>ClienteNormalizacao</ownerDesignName>
<engineerTo>
<item key="062E5CB4-9FA4-C89B-5C3E-1DE03C655426" value="true"/>
</engineerTo>
<useDomainConstraints>false</useDomainConstraints>
<use>1</use>
<logicalDatatype>LOGDT025</logicalDatatype>
<dataTypeSize>8 CHAR</dataTypeSize>
<ownDataTypeParameters>8 CHAR,,</ownDataTypeParameters>
</Attribute>
<Attribute name="telefonesCliente" id="7E1BB198-5A1B-3CDD-3E9C-E93834D1806B">
<createdBy>denys</createdBy>
<createdTime>2025-04-13 15:16:59 UTC</createdTime>
<comment><![CDATA[Telefones do cliente, que pode ser residencial, trabalho ou contato.]]></comment>
<ownerDesignName>ClienteNormalizacao</ownerDesignName>
<engineerTo>
<item key="062E5CB4-9FA4-C89B-5C3E-1DE03C655426" value="true"/>
</engineerTo>
<useDomainConstraints>false</useDomainConstraints>
<use>1</use>
<logicalDatatype>LOGDT024</logicalDatatype>
<dataTypeSize>100 CHAR</dataTypeSize>
<ownDataTypeParameters>100 CHAR,,</ownDataTypeParameters>
</Attribute>
<Attribute name="tipoTelefoneCliente" id="B4AD8018-1BF4-45AE-A3AC-8FC0C3B38A58">
<createdBy>denys</createdBy>
<createdTime>2025-04-13 15:17:28 UTC</createdTime>
<comment><![CDATA[Tipo do telefone do cliente: Celular ou Fixo.]]></comment>
<ownerDesignName>ClienteNormalizacao</ownerDesignName>
<engineerTo>
<item key="062E5CB4-9FA4-C89B-5C3E-1DE03C655426" value="true"/>
</engineerTo>
<useDomainConstraints>false</useDomainConstraints>
<use>1</use>
<logicalDatatype>LOGDT025</logicalDatatype>
<dataTypeSize>10 CHAR</dataTypeSize>
<ownDataTypeParameters>10 CHAR,,</ownDataTypeParameters>
</Attribute>
<Attribute name="emailsCliente" id="33FED824-84B7-C843-E0DA-6B0A1C69461A">
<createdBy>denys</createdBy>
<createdTime>2025-04-13 15:18:18 UTC</createdTime>
<comment><![CDATA[Emails do cliente.]]></comment>
<ownerDesignName>ClienteNormalizacao</ownerDesignName>
<engineerTo>
<item key="062E5CB4-9FA4-C89B-5C3E-1DE03C655426" value="true"/>
</engineerTo>
<useDomainConstraints>false</useDomainConstraints>
<use>1</use>
<logicalDatatype>LOGDT024</logicalDatatype>
<dataTypeSize>150 CHAR</dataTypeSize>
<ownDataTypeParameters>150 CHAR,,</ownDataTypeParameters>
</Attribute>
</attributes>
</Entity>