<?xml version = '1.0' encoding = 'UTF-8'?>
<Entity class="oracle.dbtools.crest.model.design.logical.Entity" directorySegmentName="seg_0" id="F91F0ADA-49ED-0F22-0228-F438B4691947" name="Pedidos">
<createdBy>denys</createdBy>
<createdTime>2025-04-13 15:19:20 UTC</createdTime>
<ownerDesignName>ClienteNormalizacao</ownerDesignName>
<engineerTo>
<item key="062E5CB4-9FA4-C89B-5C3E-1DE03C655426" value="true"/>
</engineerTo>
<adequatelyNormalized>NO</adequatelyNormalized>
<expectedVolumes>0</expectedVolumes>
<fwdEngineeringStrategyName>Single Table</fwdEngineeringStrategyName>
<growthPercent>0</growthPercent>
<growthType>Year</growthType>
<maxVolumes>9999999</maxVolumes>
<minVolumes>0</minVolumes>
<normalForm>Third</normalForm>
<attributes itemClass="oracle.dbtools.crest.model.design.logical.Attribute">
<Attribute name="nomeClientePedido" id="D3D28C7A-D448-31DB-984E-6A4EBB056ABA">
<createdBy>denys</createdBy>
<createdTime>2025-04-13 15:19:28 UTC</createdTime>
<comment><![CDATA[Nome completo do cliente que realizou a compra.]]></comment>
<ownerDesignName>ClienteNormalizacao</ownerDesignName>
<engineerTo>
<item key="062E5CB4-9FA4-C89B-5C3E-1DE03C655426" value="true"/>
</engineerTo>
<useDomainConstraints>false</useDomainConstraints>
<use>1</use>
<logicalDatatype>LOGDT024</logicalDatatype>
<dataTypeSize>60 CHAR</dataTypeSize>
<ownDataTypeParameters>60 CHAR,,</ownDataTypeParameters>
</Attribute>
<Attribute name="numeroPedido" id="EC8C5665-8B40-9BF2-3031-AE0E34A4FD51">
<createdBy>denys</createdBy>
<createdTime>2025-04-13 15:23:29 UTC</createdTime>
<comment><![CDATA[Número do pedido da compras.]]></comment>
<ownerDesignName>ClienteNormalizacao</ownerDesignName>
<engineerTo>
<item key="062E5CB4-9FA4-C89B-5C3E-1DE03C655426" value="true"/>
</engineerTo>
<useDomainConstraints>false</useDomainConstraints>
<use>1</use>
<logicalDatatype>LOGDT027</logicalDatatype>
<ownDataTypeParameters>,,</ownDataTypeParameters>
</Attribute>
<Attribute name="dataPedido" id="A1696369-631B-6E2C-4043-5DF7895E9028">
<createdBy>denys</createdBy>
<createdTime>2025-04-13 15:23:53 UTC</createdTime>
<comment><![CDATA[Data do pedido que foi realizada a compra.]]></comment>
<ownerDesignName>ClienteNormalizacao</ownerDesignName>
<engineerTo>
<item key="062E5CB4-9FA4-C89B-5C3E-1DE03C655426" value="true"/>
</engineerTo>
<useDomainConstraints>false</useDomainConstraints>
<use>1</use>
<logicalDatatype>LOGDT007</logicalDatatype>
<ownDataTypeParameters>,,</ownDataTypeParameters>
</Attribute>
<Attribute name="horaPedido" id="293001E9-329A-2CA0-8DB7-6F47912DE1C5">
<createdBy>denys</createdBy>
<createdTime>2025-04-13 15:24:10 UTC</createdTime>
<comment><![CDATA[Horário do pedido que foi realizada a compra.]]></comment>
<ownerDesignName>ClienteNormalizacao</ownerDesignName>
<engineerTo>
<item key="062E5CB4-9FA4-C89B-5C3E-1DE03C655426" value="true"/>
</engineerTo>
<useDomainConstraints>false</useDomainConstraints>
<use>1</use>
<logicalDatatype>LOGDT014</logicalDatatype>
<ownDataTypeParameters>,,</ownDataTypeParameters>
</Attribute>
<Attribute name="codigoProduto" id="33E4B5C2-EDCE-949A-1C80-9A9812F88DB8">
<createdBy>denys</createdBy>
<createdTime>2025-04-13 15:24:26 UTC</createdTime>
<comment><![CDATA[Código de um item de  produto que o cliente comprou.]]></comment>
<ownerDesignName>ClienteNormalizacao</ownerDesignName>
<engineerTo>
<item key="062E5CB4-9FA4-C89B-5C3E-1DE03C655426" value="true"/>
</engineerTo>
<useDomainConstraints>false</useDomainConstraints>
<use>1</use>
<logicalDatatype>LOGDT011</logicalDatatype>
<ownDataTypeParameters>,,</ownDataTypeParameters>
</Attribute>
<Attribute name="nomeProduto" id="888F3C5A-BECD-9FBE-9C0D-247E1B77929A">
<createdBy>denys</createdBy>
<createdTime>2025-04-13 15:24:49 UTC</createdTime>
<comment><![CDATA[Nome de um item de  produto que o cliente comprou.]]></comment>
<ownerDesignName>ClienteNormalizacao</ownerDesignName>
<engineerTo>
<item key="062E5CB4-9FA4-C89B-5C3E-1DE03C655426" value="true"/>
</engineerTo>
<useDomainConstraints>false</useDomainConstraints>
<use>1</use>
<logicalDatatype>LOGDT024</logicalDatatype>
<dataTypeSize>120 CHAR</dataTypeSize>
<ownDataTypeParameters>120 CHAR,,</ownDataTypeParameters>
</Attribute>
<Attribute name="precoUnitarioProduto" id="F615A29A-2972-4D16-6BD3-C63AC9D8B56F">
<createdBy>denys</createdBy>
<createdTime>2025-04-13 15:25:28 UTC</createdTime>
<comment><![CDATA[Preço unitário de um item de  produto que o cliente comprou.]]></comment>
<ownerDesignName>ClienteNormalizacao</ownerDesignName>
<engineerTo>
<item key="062E5CB4-9FA4-C89B-5C3E-1DE03C655426" value="true"/>
</engineerTo>
<useDomainConstraints>false</useDomainConstraints>
<use>1</use>
<logicalDatatype>LOGDT043</logicalDatatype>
<dataTypePrecision>2</dataTypePrecision>
<ownDataTypeParameters>,2,</ownDataTypeParameters>
</Attribute>
<Attribute name="quantidadeProduto" id="B0C59BE4-D9A9-FF37-A305-2EFCFD91BF06">
<createdBy>denys</createdBy>
<createdTime>2025-04-13 15:25:56 UTC</createdTime>
<comment><![CDATA[Quantidade de um item de  produto que o cliente comprou.]]></comment>
<ownerDesignName>ClienteNormalizacao</ownerDesignName>
<engineerTo>
<item key="062E5CB4-9FA4-C89B-5C3E-1DE03C655426" value="true"/>
</engineerTo>
<useDomainConstraints>false</useDomainConstraints>
<use>1</use>
<logicalDatatype>LOGDT026</logicalDatatype>
<dataTypePrecision>2</dataTypePrecision>
<ownDataTypeParameters>,2,</ownDataTypeParameters>
</Attribute>
<Attribute name="valorTotalItemPedido" id="C314079D-65A6-DBA0-C0B8-8A0DB0C6CEFA">
<createdBy>denys</createdBy>
<createdTime>2025-04-13 15:26:18 UTC</createdTime>
<comment><![CDATA[Valor total  de um item de  produto que o cliente comprou. É a multiplicação do preço unitário do produto pela quantidade de produto do item que o cliente comprou.]]></comment>
<ownerDesignName>ClienteNormalizacao</ownerDesignName>
<engineerTo>
<item key="062E5CB4-9FA4-C89B-5C3E-1DE03C655426" value="true"/>
</engineerTo>
<useDomainConstraints>false</useDomainConstraints>
<use>1</use>
<logicalDatatype>LOGDT043</logicalDatatype>
<dataTypePrecision>2</dataTypePrecision>
<ownDataTypeParameters>,2,</ownDataTypeParameters>
</Attribute>
<Attribute name="valorTotalPedido" id="3FD028E7-FF86-8B20-08B7-75CA9F6B400E">
<createdBy>denys</createdBy>
<createdTime>2025-04-13 15:27:18 UTC</createdTime>
<comment><![CDATA[O valor total do pedido é a somatório de todos os valores total de cada item do pedido. ]]></comment>
<ownerDesignName>ClienteNormalizacao</ownerDesignName>
<engineerTo>
<item key="062E5CB4-9FA4-C89B-5C3E-1DE03C655426" value="true"/>
</engineerTo>
<useDomainConstraints>false</useDomainConstraints>
<use>1</use>
<logicalDatatype>LOGDT043</logicalDatatype>
<dataTypePrecision>2</dataTypePrecision>
<ownDataTypeParameters>,2,</ownDataTypeParameters>
</Attribute>
</attributes>
</Entity>