<?xml version = '1.0' encoding = 'UTF-8'?>
<relationalModel class="oracle.dbtools.crest.model.design.relational.RelationalDesign" name="Relational_1" id="062E5CB4-9FA4-C89B-5C3E-1DE03C655426" mainViewID="85382786-1544-E2C0-A16D-860DB363990A">
<createdBy>denys</createdBy>
<createdTime>2025-04-13 15:13:15 UTC</createdTime>
<ownerDesignName>ClienteNormalizacao</ownerDesignName>
<shouldBeOpen>false</shouldBeOpen>
<selectedRDBMSSite>32076570-2523-435C-2E92-BF29817DFF70</selectedRDBMSSite>
</relationalModel>