<?xml version = '1.0' encoding = 'UTF-8'?>
<Diagram class="oracle.dbtools.crest.swingui.logical.DPVLogical" name="Logical" id="DE8E73D8-1418-D0B1-9542-BED2538D468D">
<createdBy>denys</createdBy>
<modifiedBy>denys</modifiedBy>
<createdTime>2025-04-13 15:14:28 UTC</createdTime>
<autoRoute>false</autoRoute>
<boxInbox>true</boxInbox>
<showLegend>false</showLegend>
<showLabels>false</showLabels>
<showRelAttributes>false</showRelAttributes>
<gridEnabled>false</gridEnabled>
<showGrid>false</showGrid>
<diagramColor>-1</diagramColor>
<display>false</display>
<notation>1</notation>
<objectViews>
<OView class="oracle.dbtools.crest.swingui.logical.TVEntity" oid="004BF3B5-B214-BF46-9910-3E98D392E9D8" otype="Entity" vid="0AFC1A7C-D35C-69B7-813B-F9721BC02A94">
<hideElementsInCurrentOnly>false</hideElementsInCurrentOnly>
<bounds x="161" y="115" width="182" height="133"/>
</OView>
<OView class="oracle.dbtools.crest.swingui.logical.TVEntity" oid="F91F0ADA-49ED-0F22-0228-F438B4691947" otype="Entity" vid="2190D40E-E4CE-DA13-861C-D358D8CE5691">
<hideElementsInCurrentOnly>false</hideElementsInCurrentOnly>
<bounds x="501" y="119" width="170" height="210"/>
</OView>
</objectViews>
</Diagram>